Metastates,Degree Centrality,Indegree Centrality,Outdegree Centrality,Betweenness Centrality,Closeness Centrality,Source Hub Ratio
Ml,2,2,0,0,0.0285714285714286,0
Ef,3,2,1,1,0.0294117647058824,0.333333333333333
Ls,2,1,1,0,0.027027027027027,0.5
Ps,1,1,0,0,0.027027027027027,0
My,2,2,0,0,0.0178571428571429,0
Lb,5,1,4,3,0.0303030303030303,0.8
Lc,1,0,1,0,0.0175438596491228,1
Mc,1,0,1,0,0.0175438596491228,1
Tb,1,0,1,0,0.0263157894736842,1
